moeda,moeda_destino,valor_compra,valor_venda,maxima_dia,minima_dia,data_cotacao,arquivo_origem
USD,BRL,5.1369,5.1399,5.1643,5.0863,2026-07-28 23:41:14,2026-07-28_23-45-29_cambio_usd_brl.json
USD,BRL,5.1369,5.1399,5.1643,5.0863,2026-07-28 23:41:14,2026-07-28_23-48-17_cambio_usd_brl.json
USD,BRL,5.1244,5.1274,5.1378,5.11786,2026-07-29 08:59:11,2026-07-29_09-10-08_cambio_usd_brl.json
USD,BRL,5.1203,5.1233,5.1378,5.11751,2026-07-29 09:04:58,2026-07-29_09-11-40_cambio_usd_brl.json
USD,BRL,5.1203,5.1233,5.1378,5.11751,2026-07-29 09:04:58,2026-07-29_09-14-20_cambio_usd_brl.json
USD,BRL,5.1187,5.1217,5.1378,5.11386,2026-07-29 09:09:59,2026-07-29_09-18-56_cambio_usd_brl.json
USD,BRL,5.1227,5.1257,5.1378,5.11386,2026-07-29 09:25:18,2026-07-29_09-30-47_cambio_usd_brl.json
USD,BRL,5.1227,5.1257,5.1378,5.11386,2026-07-29 09:25:18,2026-07-29_09-32-11_cambio_usd_brl.json
USD,BRL,5.1224,5.1254,5.1378,5.11386,2026-07-29 09:25:03,2026-07-29_09-33-34_cambio_usd_brl.json
USD,BRL,5.1227,5.1257,5.1378,5.11386,2026-07-29 09:25:18,2026-07-29_09-34-52_cambio_usd_brl.json
USD,BRL,5.12856,5.14056,5.1378,5.11239,2026-07-29 09:30:09,2026-07-29_09-35-31_cambio_usd_brl.json
USD,BRL,5.12856,5.14056,5.1378,5.11239,2026-07-29 09:30:09,2026-07-29_09-36-28_cambio_usd_brl.json
USD,BRL,5.12856,5.14056,5.1378,5.11239,2026-07-29 09:30:09,2026-07-29_09-37-05_cambio_usd_brl.json
USD,BRL,5.1319,5.14391,5.15268,5.11239,2026-07-29 09:30:35,2026-07-29_09-38-31_cambio_usd_brl.json
USD,BRL,5.1319,5.14391,5.15268,5.11239,2026-07-29 09:30:35,2026-07-29_09-39-19_cambio_usd_brl.json
USD,BRL,5.1374,5.1404,5.1555,5.11239,2026-07-29 09:35:28,2026-07-29_09-40-40_cambio_usd_brl.json
USD,BRL,5.1374,5.1404,5.1555,5.11239,2026-07-29 09:35:11,2026-07-29_09-42-09_cambio_usd_brl.json
USD,BRL,5.1374,5.1404,5.1555,5.11239,2026-07-29 09:35:11,2026-07-29_09-42-53_cambio_usd_brl.json
USD,BRL,5.1374,5.1404,5.1555,5.11239,2026-07-29 09:35:11,2026-07-29_09-43-49_cambio_usd_brl.json
USD,BRL,5.1374,5.1404,5.1555,5.11239,2026-07-29 09:35:11,2026-07-29_09-44-20_cambio_usd_brl.json
USD,BRL,5.1374,5.1404,5.1555,5.11239,2026-07-29 09:35:11,2026-07-29_09-45-18_cambio_usd_brl.json
USD,BRL,5.1377,5.1407,5.1555,5.11239,2026-07-29 09:40:40,2026-07-29_09-45-58_cambio_usd_brl.json
USD,BRL,5.1372,5.1402,5.1555,5.11239,2026-07-29 09:39:59,2026-07-29_09-47-04_cambio_usd_brl.json
USD,BRL,5.1377,5.1407,5.1555,5.11239,2026-07-29 09:40:40,2026-07-29_09-48-36_cambio_usd_brl.json
USD,BRL,5.1377,5.1407,5.1555,5.11239,2026-07-29 09:40:40,2026-07-29_09-49-36_cambio_usd_brl.json
USD,BRL,5.1316,5.1346,5.1555,5.11239,2026-07-29 09:45:11,2026-07-29_09-51-14_cambio_usd_brl.json
USD,BRL,5.1067,5.1097,5.157,5.08795,2026-07-29 16:01:04,2026-07-29_16-07-24_cambio_usd_brl.json
USD,BRL,5.1067,5.1097,5.157,5.08795,2026-07-29 16:01:04,2026-07-29_16-08-08_cambio_usd_brl.json
USD,BRL,5.1067,5.1097,5.157,5.08795,2026-07-29 16:01:04,2026-07-29_16-09-22_cambio_usd_brl.json
USD,BRL,5.1088,5.1118,5.157,5.08207,2026-07-29 16:06:01,2026-07-29_16-12-49_cambio_usd_brl.json
USD,BRL,5.1088,5.1118,5.157,5.08207,2026-07-29 16:06:11,2026-07-29_16-14-20_cambio_usd_brl.json
USD,BRL,5.1117,5.1147,5.157,5.08207,2026-07-29 16:11:02,2026-07-29_16-17-30_cambio_usd_brl.json
USD,BRL,5.1112,5.1142,5.157,5.08207,2026-07-29 16:11:17,2026-07-29_16-19-11_cambio_usd_brl.json
USD,BRL,5.1112,5.1142,5.157,5.08207,2026-07-29 16:11:17,2026-07-29_16-20-10_cambio_usd_brl.json
USD,BRL,5.1066,5.1096,5.157,5.08207,2026-07-29 16:16:19,2026-07-29_16-21-28_cambio_usd_brl.json
USD,BRL,5.1066,5.1096,5.157,5.08207,2026-07-29 16:16:19,2026-07-29_16-22-20_cambio_usd_brl.json
USD,BRL,5.1066,5.1096,5.157,5.08207,2026-07-29 16:16:19,2026-07-29_16-25-58_cambio_usd_brl.json
USD,BRL,5.10046,5.11241,5.157,5.08207,2026-07-29 16:21:22,2026-07-29_16-27-46_cambio_usd_brl.json
USD,BRL,5.1086,5.1116,5.157,5.08207,2026-07-29 16:26:23,2026-07-29_16-31-02_cambio_usd_brl.json
USD,BRL,5.1086,5.1116,5.157,5.08207,2026-07-29 16:26:23,2026-07-29_16-34-22_cambio_usd_brl.json
USD,BRL,5.1141,5.1171,5.157,5.08207,2026-07-29 16:31:20,2026-07-29_16-37-52_cambio_usd_brl.json
USD,BRL,5.1141,5.1171,5.157,5.08207,2026-07-29 16:31:20,2026-07-29_16-38-33_cambio_usd_brl.json
USD,BRL,5.1206,5.1236,5.157,5.08207,2026-07-29 16:36:22,2026-07-29_16-41-38_cambio_usd_brl.json
USD,BRL,5.1206,5.1236,5.157,5.08207,2026-07-29 16:36:22,2026-07-29_16-43-18_cambio_usd_brl.json
USD,BRL,5.1206,5.1236,5.157,5.08207,2026-07-29 16:36:22,2026-07-29_16-44-48_cambio_usd_brl.json
USD,BRL,5.1192,5.1222,5.157,5.08207,2026-07-29 16:41:33,2026-07-29_16-47-42_cambio_usd_brl.json
USD,BRL,5.0578,5.05919,5.1284,5.0578,2026-07-30 17:50:30,cambio_usd_brl_2026-07-30_17-55-07.json
USD,BRL,5.0578,5.05919,5.1284,5.0578,2026-07-30 17:50:30,cambio_usd_brl_2026-07-30_17-55-44.json
USD,BRL,5.0578,5.05919,5.1284,5.0578,2026-07-30 17:50:30,cambio_usd_brl_2026-07-30_17-56-08.json
USD,BRL,5.0578,5.05919,5.1284,5.0578,2026-07-30 17:50:30,cambio_usd_brl_2026-07-30_17-56-51.json
USD,BRL,5.0578,5.05919,5.1284,5.0578,2026-07-30 17:50:30,cambio_usd_brl_2026-07-30_17-57-20.json
USD,BRL,5.0578,5.05919,5.1284,5.0578,2026-07-30 17:50:30,cambio_usd_brl_2026-07-30_17-57-58.json
USD,BRL,5.05729,5.0587,5.1284,5.05729,2026-07-30 17:55:39,cambio_usd_brl_2026-07-30_17-58-35.json
USD,BRL,5.05729,5.0587,5.1284,5.05729,2026-07-30 17:55:39,cambio_usd_brl_2026-07-30_17-58-52.json
USD,BRL,5.05729,5.0587,5.1284,5.05729,2026-07-30 17:55:39,cambio_usd_brl_2026-07-30_17-59-04.json
USD,BRL,5.05729,5.0587,5.1284,5.05729,2026-07-30 17:55:39,cambio_usd_brl_2026-07-30_17-59-41.json
USD,BRL,5.0751,5.0781,5.1284,5.0569,2026-07-30 18:00:45,cambio_usd_brl_2026-07-30_18-05-35.json
